year,problem,code,title,award_evidence,source_url
2020,A,A20102460127,中中国国研研究究生生创创新新实实践践系系列列大大赛赛,9 | A | 20102460127 | 一等奖（华为专项奖） | 徐瑾 | 复旦大学 | 宋凤丽 | 复旦大学 | 肖晗微 | 复旦大学,https://github.com/zhanwen/MathModel/blob/master/国赛论文/2020年优秀论文/A/A20102460127.pdf
2020,A,A20102480161,中国研究生创新实践系列大赛,8 | A | 20102480161 | 一等奖（华为专项奖） | 丁庚发 | 上海交通大学 | 许吉勇 | 上海交通大学 | 王泽龙 | 上海交通大学,https://github.com/zhanwen/MathModel/blob/master/国赛论文/2020年优秀论文/A/A20102480161.pdf
2020,A,A20104870015,中国研究生创新实践系列大赛,2 | A | 20104870015 | 一等奖（华为专项奖） | 李智 | 华中科技大学 | 皮鉴源 | 华中科技大学 | 季秋涵 | 华中科技大学,https://github.com/zhanwen/MathModel/blob/master/国赛论文/2020年优秀论文/A/A20104870015.pdf
2020,A,A20106110086,中中国国研研究究生生创创新新实实践践系系列列大大赛赛,7 | A | 20106110086 | 一等奖（华为专项奖、数模之星提名） | 温夫山 | 重庆大学 | 张宏龙 | 重庆大学 | 彭浩琦 | 重庆大学,https://github.com/zhanwen/MathModel/blob/master/国赛论文/2020年优秀论文/A/A20106110086.pdf
2020,A,A20910040037,中中国国研研究究生生创创新新实实践践系系列列大大赛赛,1 | A | 20910040037 | 一等奖（华为专项奖） | 崔智超 | 陆军工程大学 | 廖程建 | 陆军工程大学 | 杨曜旗 | 陆军工程大学,https://github.com/zhanwen/MathModel/blob/master/国赛论文/2020年优秀论文/A/A20910040037.pdf
2020,B,B20100040057,中国研究生创新实践系列大赛,15 | B | 20100040057 | 一等奖 | 赵飞飞 | 北京交通大学 | 卢亚菡 | 北京交通大学 | 童磊 | 北京交通大学,https://github.com/zhanwen/MathModel/blob/master/国赛论文/2020年优秀论文/B/B20100040057.pdf
2020,B,B20100050019,中国研究生创新实践系列大赛,9 | B | 20100050019 | 一等奖 | 涂闯 | 北京工业大学 | 孔丽 | 北京工业大学 | 陈健 | 北京工业大学,https://github.com/zhanwen/MathModel/blob/master/国赛论文/2020年优秀论文/B/B20100050019.pdf
2020,B,B20102470089,中中国国研研究究生生创创新新实实践践系系列列大大赛赛,11 | B | 20102470089 | 一等奖（数模之星提名） | 杨柏萃 | 同济大学 | 刘宇航 | 同济大学 | 李嘉伟 | 同济大学,https://github.com/zhanwen/MathModel/blob/master/国赛论文/2020年优秀论文/B/B20102470089.pdf
2020,B,B20102940042,中中国国研研究究生生创创新新实实践践系系列列大大赛赛,18 | B | 20102940042 | 一等奖 | 李禹 | 河海大学 | 徐文强 | 河海大学 | 崔威 | 河海大学,https://github.com/zhanwen/MathModel/blob/master/国赛论文/2020年优秀论文/B/B20102940042.pdf
2020,B,B20102980116,中国研究生创新实践系列大赛,12 | B | 20102980116 | 一等奖 | 曹磊 | 南京林业大学 | 王羽尘 | 南京林业大学 | 王玉鹏 | 南京林业大学,https://github.com/zhanwen/MathModel/blob/master/国赛论文/2020年优秀论文/B/B20102980116.pdf
2020,B,B20103350031,中国研究生创新实践系列大赛,6 | B | 20103350031 | 一等奖 | 郭亦宗 | 浙江大学 | 冯斌 | 浙江大学 | 杨梓锋 | 浙江大学,https://github.com/zhanwen/MathModel/blob/master/国赛论文/2020年优秀论文/B/B20103350031.pdf
2020,B,B20103380015,学 校 浙江理工大学,13 | B | 20103380015 | 一等奖 | 李昂 | 浙江理工大学 | 卜天 | 浙江理工大学 | 林佳佳 | 浙江理工大学,https://github.com/zhanwen/MathModel/blob/master/国赛论文/2020年优秀论文/B/B20103380015.pdf
2020,B,B20103580004,中中国国研研究究生生创创新新实实践践系系列列大大赛赛,16 | B | 20103580004 | 一等奖 | 甄宇 | 中国科学技术大学 | 张一波 | 中国科学技术大学 | 程泽坤 | 中国科学技术大学,https://github.com/zhanwen/MathModel/blob/master/国赛论文/2020年优秀论文/B/B20103580004.pdf
2020,B,B20104870036,中中国国研研究究生生创创新新实实践践系系列列大大赛赛,5 | B | 20104870036 | 一等奖 | 韩冬 | 华中科技大学 | 李望铭 | 华中科技大学 | 张韵 | 华中科技大学,https://github.com/zhanwen/MathModel/blob/master/国赛论文/2020年优秀论文/B/B20104870036.pdf
2020,B,B20105340008,中国研究生创新实践系列大赛,10 | B | 20105340008 | 一等奖 | 肖勇 | 湖南科技大学 | 肖浩 | 湖南科技大学 | 侯俊杰 | 湖南科技大学,https://github.com/zhanwen/MathModel/blob/master/国赛论文/2020年优秀论文/B/B20105340008.pdf
2020,B,B20106570027,中国研究生创新实践系列大赛,4 | B | 20106570027 | 一等奖 | 李滨 | 贵州大学 | 唐华康 | 贵州大学 | 柳波海 | 贵州大学,https://github.com/zhanwen/MathModel/blob/master/国赛论文/2020年优秀论文/B/B20106570027.pdf
2020,C,C20102470319,中中国国研研究究生生创创新新实实践践系系列列大大赛赛,6 | C | 20102470319 | 一等奖 | 李英超 | 同济大学 | 赵业成 | 同济大学 | 许艳红 | 同济大学,https://github.com/zhanwen/MathModel/blob/master/国赛论文/2020年优秀论文/C/C20102470319.pdf
2020,C,C20102480095,学 校 上海交通大学,1 | C | 20102480095 | 一等奖（数模之星提名） | 眭泽 | 上海交通大学 | 刁丽 | 上海交通大学 | 刘琦 | 上海交通大学,https://github.com/zhanwen/MathModel/blob/master/国赛论文/2020年优秀论文/C/C20102480095.pdf
2020,C,C20102520034,中中国国研研究究生生创创新新实实践践系系列列大大赛赛,5 | C | 20102520034 | 一等奖 | 彭臣 | 上海理工大学 | 孙乾宇 | 上海理工大学 | 张汉祖 | 上海理工大学,https://github.com/zhanwen/MathModel/blob/master/国赛论文/2020年优秀论文/C/C20102520034.pdf
2020,C,C20102840089,中国研究生创新实践系列大赛中国研究生创新实践系列大赛,4 | C | 20102840089 | 一等奖（数模之星提名） | 梅海强 | 南京大学 | 项祺 | 南京大学 | 袁康 | 南京大学,https://github.com/zhanwen/MathModel/blob/master/国赛论文/2020年优秀论文/C/C20102840089.pdf
2020,C,C20102860127,中国研究生创新实践系列大赛,2 | C | 20102860127 | 一等奖 | 李典泽 | 东南大学 | 付银 | 东南大学 | 程鑫 | 东南大学,https://github.com/zhanwen/MathModel/blob/master/国赛论文/2020年优秀论文/C/C20102860127.pdf
2020,C,C20106980009,中国研究生创新实践系列大赛,9 | C | 20106980009 | 一等奖 | 陈栩栩 | 西安交通大学 | 李珂 | 西安交通大学 | 刘硕 | 西安交通大学,https://github.com/zhanwen/MathModel/blob/master/国赛论文/2020年优秀论文/C/C20106980009.pdf
2020,D,D20102470005,中国研究生创新实践系列大赛,9 | D | 20102470005 | 一等奖 | 孟潇 | 同济大学 | 张文娟 | 同济大学 | 王慧慧 | 同济大学,https://github.com/zhanwen/MathModel/blob/master/国赛论文/2020年优秀论文/D/D20102470005.pdf
2020,D,D20102690110,中国研究生创新实践系列大赛,5 | D | 20102690110 | 一等奖（数模之星提名） | 纪莉娜 | 华东师范大学 | 刘禹含 | 华东师范大学 | 虞小颖 | 华东师范大学,https://github.com/zhanwen/MathModel/blob/master/国赛论文/2020年优秀论文/D/D20102690110.pdf
2020,D,D20102860223,中中国国研研究究生生创创新新实实践践系系列列大大赛赛,8 | D | 20102860223 | 一等奖 | 刘德平 | 东南大学 | 王国标 | 东南大学 | 郑晓义 | 东南大学,https://github.com/zhanwen/MathModel/blob/master/国赛论文/2020年优秀论文/D/D20102860223.pdf
2020,D,D20107010019,中国研究生创新实践系列大赛,1 | D | 20107010019 | 一等奖 | 吴涛 | 西安电子科技大学 | 刘文慧 | 西安电子科技大学 | 邢卓林 | 西安电子科技大学,https://github.com/zhanwen/MathModel/blob/master/国赛论文/2020年优秀论文/D/D20107010019.pdf
2020,D,D20910240043,中中国国研研究究生生创创新新实实践践系系列列大大赛赛,4 | D | 20910240043 | 一等奖（数模之星提名） | 吴傲 | 空军工程大学 | 侯岳奇 | 空军工程大学 | 王玉冰 | 空军工程大学,https://github.com/zhanwen/MathModel/blob/master/国赛论文/2020年优秀论文/D/D20910240043.pdf
2020,D,D20910240065,中中国国研研究究生生创创新新实实践践系系列列大大赛赛,7 | D | 20910240065 | 一等奖 | 姜龙亭 | 空军工程大学 | 董泽洪 | 空军工程大学 | 王俊迪 | 空军工程大学,https://github.com/zhanwen/MathModel/blob/master/国赛论文/2020年优秀论文/D/D20910240065.pdf
2020,E,E20102690219,中国研究生创新实践系列大赛,1 | E | 20102690219 | 一等奖（数模之星提名） | 宋智超 | 华东师范大学 | 刘旗洋 | 华东师范大学 | 季仁杰 | 华东师范大学,https://github.com/zhanwen/MathModel/blob/master/国赛论文/2020年优秀论文/E/E20102690219.pdf
2020,E,E20104250114,中国研究生创新实践系列大赛,8 | E | 20104250114 | 一等奖 | 夏文辉 | 中国石油大学（华东） | 陈昱行 | 中国石油大学（华东） | 袁晶贤 | 中国石油大学（华东）,https://github.com/zhanwen/MathModel/blob/master/国赛论文/2020年优秀论文/E/E20104250114.pdf
2020,E,E20104590039,中国研究生创新实践系列大赛中国研究生创新实践系列大赛,10 | E | 20104590039 | 一等奖 | 张璇 | 郑州大学 | 彭文斌 | 郑州大学 | 刘晓强 | 郑州大学,https://github.com/zhanwen/MathModel/blob/master/国赛论文/2020年优秀论文/E/E20104590039.pdf
2020,E,E20104590100,中中国国研研究究生生创创新新实实践践系系列列大大赛赛,11 | E | 20104590100 | 一等奖 | 戴浩然 | 郑州大学 | 彭斐琳 | 郑州大学 | 智志洋 | 郑州大学,https://github.com/zhanwen/MathModel/blob/master/国赛论文/2020年优秀论文/E/E20104590100.pdf
2020,E,E20112870005,中中国国研研究究生生创创新新实实践践系系列列大大赛赛,5 | E | 20112870005 | 一等奖 | 周尧 | 南京审计大学 | 郑洁 | 天津大学 | 侯贵洋 | 中国科学院大学,https://github.com/zhanwen/MathModel/blob/master/国赛论文/2020年优秀论文/E/E20112870005.pdf
2020,E,E20114820008,中中国国研研究究生生创创新新实实践践系系列列大大赛赛,6 | E | 20114820008 | 一等奖 | 赵宇峰 | 浙江财经大学 | 吴心思 | 浙江财经大学 | 琚悦琦 | 浙江财经大学,https://github.com/zhanwen/MathModel/blob/master/国赛论文/2020年优秀论文/E/E20114820008.pdf
2020,F,F20100070005,中中国国研研究究生生创创新新实实践践系系列列大大赛赛,9 | F | 20100070005 | 一等奖 | 高冠强 | 北京理工大学 | 鲁赛 | 北京理工大学 | 郭苗 | 北京理工大学,https://github.com/zhanwen/MathModel/blob/master/国赛论文/2020年优秀论文/F/F20100070005.pdf
2020,F,F20102480125,中中国国研研究究生生创创新新实实践践系系列列大大赛赛,3 | F | 20102480125 | 一等奖 | 郭梦裕 | 上海交通大学 | 霍洋洋 | 上海交通大学 | 胡令矿 | 上海交通大学,https://github.com/zhanwen/MathModel/blob/master/国赛论文/2020年优秀论文/F/F20102480125.pdf
2020,F,F20102690221,学 校 华东师范大学,7 | F | 20102690221 | 一等奖 | 郑智杰 | 华东师范大学 | 周嘉铭 | 华东师范大学 | 裴的 | 华东师范大学,https://github.com/zhanwen/MathModel/blob/master/国赛论文/2020年优秀论文/F/F20102690221.pdf
2020,F,F20102840100,中国研究生创新实践系列大赛,8 | F | 20102840100 | 一等奖（数模之星提名） | 胡鑫雯 | 南京大学 | 乐盛捷 | 南京大学 | 张贝贝 | 南京大学,https://github.com/zhanwen/MathModel/blob/master/国赛论文/2020年优秀论文/F/F20102840100.pdf
2020,F,F20102920009,中中国国研研究究生生创创新新实实践践系系列列大大赛赛,5 | F | 20102920009 | 一等奖 | 巢新 | 常州大学 | 赫焕杰 | 常州大学 | 鲍向阳 | 常州大学,https://github.com/zhanwen/MathModel/blob/master/国赛论文/2020年优秀论文/F/F20102920009.pdf
2020,F,F20105320023,中国研究生创新实践系列大赛,10 | F | 20105320023 | 一等奖 | 矫舒美 | 湖南大学 | 姚天宇 | 湖南大学 | 龙乙林 | 湖南大学,https://github.com/zhanwen/MathModel/blob/master/国赛论文/2020年优秀论文/F/F20105320023.pdf
2021,A,A21102170024,中国研究生创新实践系列大赛,4 | A | 21102170024 | 一等奖（华为专项奖） | 赵丹丹 | 哈尔滨工程大学 | 肖悦 | 哈尔滨工程大学 | 赵梓君 | 哈尔滨工程大学,https://github.com/zhanwen/MathModel/blob/master/国赛论文/2021年优秀论文/A/A21102170024.pdf
2021,A,A21102480004,学 校 上海交通大学,8 | A | 21102480004 | 一等奖（华为专项奖） | 王祎硕 | 上海交通大学 | 赵子恒 | 上海交通大学 | 江宁 | 上海交通大学,https://github.com/zhanwen/MathModel/blob/master/国赛论文/2021年优秀论文/A/A21102480004.pdf
2021,A,A21102860059,学 校 东南大学,3 | A | 21102860059 | 一等奖（华为专项奖） | 曹苇杭 | 东南大学 | 丁明远 | 东南大学 | 田宇 | 东南大学,https://github.com/zhanwen/MathModel/blob/master/国赛论文/2021年优秀论文/A/A21102860059.pdf
2021,A,A21103580003,中国研究生创新实践系列大赛,6 | A | 21103580003 | 一等奖（华为专项奖） | 梁静思 | 中国科学技术大学 | 李喆昊 | 中国科学技术大学 | 王博铖 | 中国科学技术大学,https://github.com/zhanwen/MathModel/blob/master/国赛论文/2021年优秀论文/A/A21103580003.pdf
2021,A,A21106140105,中中国国研研究究生生创创新新实实践践系系列列大大赛赛,5 | A | 21106140105 | 一等奖（华为专项奖） | 崔峻豪 | 电子科技大学 | 王宇丰 | 电子科技大学 | 王小颖 | 电子科技大学,https://github.com/zhanwen/MathModel/blob/master/国赛论文/2021年优秀论文/A/A21106140105.pdf
2021,B,B21100130067,中国研究生创新实践系列大赛,9 | B | 21100130067 | 一等奖 | 曹世翔 | 北京邮电大学 | 刘佳恒 | 北京邮电大学 | 潘航 | 北京邮电大学,https://github.com/zhanwen/MathModel/blob/master/国赛论文/2021年优秀论文/B/B21100130067.pdf
2021,B,B21100790043,中国研究生创新实践系列大赛,4 | B | 21100790043 | 一等奖 | 黄寅峰 | 华北电力大学 | 胡江谕 | 华北电力大学 | 贡振华 | 华北电力大学,https://github.com/zhanwen/MathModel/blob/master/国赛论文/2021年优秀论文/B/B21100790043.pdf
2021,B,B21102510017,中国研究生创新实践系列大赛,1 | B | 21102510017 | 一等奖（数模之星提名） | 刘艳芳 | 华东理工大学 | 佟雁羚 | 华东理工大学 | 段利均 | 华东理工大学,https://github.com/zhanwen/MathModel/blob/master/国赛论文/2021年优秀论文/B/B21102510017.pdf
2021,B,B21102690002,中国研究生创新实践系列大赛,8 | B | 21102690002 | 一等奖 | 王君悦 | 华东师范大学 | 王昭芸 | 华东师范大学 | 黄家祺 | 华东师范大学,https://github.com/zhanwen/MathModel/blob/master/国赛论文/2021年优秀论文/B/B21102690002.pdf
2021,B,B21103530001,中中国国研研究究生生创创新新实实践践系系列列大大赛赛,6 | B | 21103530001 | 一等奖 | 黄诗婷 | 浙江工商大学 | 朱静波 | 浙江工商大学 | 傅苏婷 | 浙江工商大学,https://github.com/zhanwen/MathModel/blob/master/国赛论文/2021年优秀论文/B/B21103530001.pdf
2021,B,B21107040042,学 校 西安科技大学,7 | B | 21107040042 | 一等奖 | 李金龙 | 西安科技大学 | 丁楠 | 西安科技大学 | 易小虎 | 西安科技大学,https://github.com/zhanwen/MathModel/blob/master/国赛论文/2021年优秀论文/B/B21107040042.pdf
2021,B,B21116640067,中国研究生创新实践系列大赛中国研究生创新实践系列大赛,5 | B | 21116640067 | 一等奖 | 艾宇 | 西安邮电大学 | 杨玉蓉 | 西安邮电大学 | 胥策 | 西安邮电大学,https://github.com/zhanwen/MathModel/blob/master/国赛论文/2021年优秀论文/B/B21116640067.pdf
2021,C,C21100560011,中中国国研研究究生生创创新新实实践践系系列列大大赛赛,7 | C | 21100560011 | 一等奖 | 刘志彬 | 天津大学 | 曹靖洺 | 天津大学 | 赵康宁 | 天津大学,https://github.com/zhanwen/MathModel/blob/master/国赛论文/2021年优秀论文/C/C21100560011.pdf
2021,C,C21102470060,中国研究生创新实践系列大赛,6 | C | 21102470060 | 一等奖 | 续文龙 | 同济大学 | 吴明春 | 同济大学 | 冯超 | 同济大学,https://github.com/zhanwen/MathModel/blob/master/国赛论文/2021年优秀论文/C/C21102470060.pdf
2021,C,C21102920013,中中国国研研究究生生创创新新实实践践系系列列大大赛赛,3 | C | 21102920013 | 一等奖 | 罗雪峰 | 常州大学 | 蔡建明 | 常州大学 | 丁首魁 | 常州大学,https://github.com/zhanwen/MathModel/blob/master/国赛论文/2021年优秀论文/C/C21102920013.pdf
2021,C,C21102920019,中国研究生创新实践系列大赛中国研究生创新实践系列大赛,5 | C | 21102920019 | 一等奖 | 张勇 | 常州大学 | 刘通 | 常州大学 | 程鑫鑫 | 常州大学,https://github.com/zhanwen/MathModel/blob/master/国赛论文/2021年优秀论文/C/C21102920019.pdf
2021,C,C21106980211,中中国国研研究究生生创创新新实实践践系系列列大大赛赛,4 | C | 21106980211 | 一等奖 | 赵圆圆 | 西安交通大学 | 王斐童 | 西安交通大学 | 刘康鸿 | 西安交通大学,https://github.com/zhanwen/MathModel/blob/master/国赛论文/2021年优秀论文/C/C21106980211.pdf
2021,D,D21101080006,中国研究生创新实践系列大赛中国研究生创新实践系列大赛,5 | D | 21101080006 | 一等奖 | 祝海峰 | 山西大学 | 陈庆辉 | 山西大学 | 孟颖岫 | 山西大学,https://github.com/zhanwen/MathModel/blob/master/国赛论文/2021年优秀论文/D/D21101080006.pdf
2021,D,D21102700119,中国研究生创新实践系列大赛,7 | D | 21102700119 | 一等奖 | 陆悦 | 上海师范大学 | 熊斯洁 | 上海师范大学 | 施晨扬 | 上海师范大学,https://github.com/zhanwen/MathModel/blob/master/国赛论文/2021年优秀论文/D/D21102700119.pdf
2021,D,D21102980066,中国研究生创新实践系列大赛,4 | D | 21102980066 | 一等奖 | 石泽峰 | 南京林业大学 | 钱伟杰 | 南京林业大学 | 王汉钊 | 南京林业大学,https://github.com/zhanwen/MathModel/blob/master/国赛论文/2021年优秀论文/D/D21102980066.pdf
2021,D,D21104860088,学 校 武汉大学,3 | D | 21104860088 | 一等奖 | 陈苗苗 | 武汉大学 | 孙冉 | 武汉大学 | 王继莲 | 武汉大学,https://github.com/zhanwen/MathModel/blob/master/国赛论文/2021年优秀论文/D/D21104860088.pdf
2021,D,D21116460003,学 校 宁波大学,6 | D | 21116460003 | 一等奖 | 赵禹萌 | 宁波大学 | 马涛 | 宁波大学 | 叶建明 | 宁波大学,https://github.com/zhanwen/MathModel/blob/master/国赛论文/2021年优秀论文/D/D21116460003.pdf
2021,E,E21100030005,中中国国研研究究生生创创新新实实践践系系列列大大赛赛,5 | E | 21100030005 | 一等奖 | 杨朔 | 清华大学 | 郑昕然 | 清华大学 | 阮俊翔 | 清华大学,https://github.com/zhanwen/MathModel/blob/master/国赛论文/2021年优秀论文/E/E21100030005.pdf
2021,E,E21103860006,学 校 福州大学,6 | E | 21103860006 | 一等奖 | 谢志强 | 福州大学 | 黄浩阳 | 福州大学 | 施嘉豪 | 福州大学,https://github.com/zhanwen/MathModel/blob/master/国赛论文/2021年优秀论文/E/E21103860006.pdf
2021,E,E21104080004,学 校 景德镇陶瓷大学,3 | E | 21104080004 | 一等奖 | 肖佳涛 | 景德镇陶瓷大学 | 覃文辉 | 景德镇陶瓷大学 | 程文纺 | 景德镇陶瓷大学,https://github.com/zhanwen/MathModel/blob/master/国赛论文/2021年优秀论文/E/E21104080004.pdf
2021,E,E21105330243,学 校 中南大学,7 | E | 21105330243 | 一等奖 | 邹江枫 | 中南大学 | 杨金娜 | 中南大学 | 王辉 | 中南大学,https://github.com/zhanwen/MathModel/blob/master/国赛论文/2021年优秀论文/E/E21105330243.pdf
2021,E,E21832010024,中中国国研研究究生生创创新新实实践践系系列列大大赛赛,4 | E | 21832010024 | 一等奖 | 徐雅涵 | 中国运载火箭技术研究院 | 黄鑫宇 | 中国运载火箭技术研究院 | 沈财旭 | 哈尔滨工程大学,https://github.com/zhanwen/MathModel/blob/master/国赛论文/2021年优秀论文/E/E21832010024.pdf
2021,F,F21102540382,中国研究生创新实践系列大赛,6 | F | 21102540382 | 一等奖 | 姜家乐 | 上海海事大学 | 赵燕 | 上海海事大学 | 董亮 | 上海海事大学,https://github.com/zhanwen/MathModel/blob/master/国赛论文/2021年优秀论文/F/F21102540382.pdf
2021,F,F21102870035,中国研究生创新实践系列大赛中国研究生创新实践系列大赛,5 | F | 21102870035 | 一等奖 | 林佳金 | 南京航空航天大学 | 张顺 | 南京航空航天大学 | 凌莉芸 | 南京航空航天大学,https://github.com/zhanwen/MathModel/blob/master/国赛论文/2021年优秀论文/F/F21102870035.pdf
2021,F,F21102920005,中中国国研研究究生生创创新新实实践践系系列列大大赛赛,3 | F | 21102920005 | 一等奖 | 陈思炜 | 常州大学 | 许浩 | 常州大学 | 黄宁 | 常州大学,https://github.com/zhanwen/MathModel/blob/master/国赛论文/2021年优秀论文/F/F21102920005.pdf
2021,F,F21103360050,中国研究生创新实践系列大赛中国研究生创新实践系列大赛,4 | F | 21103360050 | 一等奖 | 吴金涛 | 杭州电子科技大学 | 高天洋 | 杭州电子科技大学 | 陈奇 | 杭州电子科技大学,https://github.com/zhanwen/MathModel/blob/master/国赛论文/2021年优秀论文/F/F21103360050.pdf
2021,F,F21104870099,中国研究生创新实践系列大赛,7 | F | 21104870099 | 一等奖 | 李淑清 | 华中科技大学 | 孙哲 | 华中科技大学 | 金力 | 华中科技大学,https://github.com/zhanwen/MathModel/blob/master/国赛论文/2021年优秀论文/F/F21104870099.pdf
2021,获数模之星提名奖（12篇）,A21102860073,中国研究生创新实践系列大赛,2 | A | 21102860073 | 一等奖（数模之星提名、华为专项奖） | 凌泰炀 | 东南大学 | 钱缪峰 | 东南大学 | 张逸洋 | 东南大学,https://github.com/zhanwen/MathModel/blob/master/国赛论文/2021年优秀论文/获数模之星提名奖（12篇）/A21102860073.pdf
2021,获数模之星提名奖（12篇）,A21102910019,中国研究生创新实践系列大赛,1 | A | 21102910019 | 一等奖（数模之星提名、华为专项奖） | 庄清来 | 南京工业大学 | 陆寅 | 南京工业大学 | 许丽凤 | 南京工业大学,https://github.com/zhanwen/MathModel/blob/master/国赛论文/2021年优秀论文/获数模之星提名奖（12篇）/A21102910019.pdf
2021,获数模之星提名奖（12篇）,B21105610069,中国研究生创新实践系列大赛,2 | B | 21105610069 | 一等奖（数模之星提名） | 梁允舜 | 华南理工大学 | 黎杰 | 华南理工大学 | 黄泳熙 | 华南理工大学,https://github.com/zhanwen/MathModel/blob/master/国赛论文/2021年优秀论文/获数模之星提名奖（12篇）/B21105610069.pdf
2021,获数模之星提名奖（12篇）,B21106990088,中中国国研研究究生生创创新新实实践践系系列列大大赛赛,3 | B | 21106990088 | 一等奖 | 钟瑞国 | 西北工业大学 | 古淳月 | 西北工业大学 | 魏子喭 | 西北工业大学,https://github.com/zhanwen/MathModel/blob/master/国赛论文/2021年优秀论文/获数模之星提名奖（12篇）/B21106990088.pdf
2021,获数模之星提名奖（12篇）,C21102860153,中中国国研研究究生生创创新新实实践践系系列列大大赛赛,2 | C | 21102860153 | 一等奖（数模之星提名） | 陈舒琪 | 东南大学 | 杨鹏飞 | 东南大学 | 丁昊 | 东南大学,https://github.com/zhanwen/MathModel/blob/master/国赛论文/2021年优秀论文/获数模之星提名奖（12篇）/C21102860153.pdf
2021,获数模之星提名奖（12篇）,C21104240047,中中国国研研究究生生创创新新实实践践系系列列大大赛赛,1 | C | 21104240047 | 一等奖（数模之星提名） | 贾晖 | 山东科技大学 | 巩德华 | 山东科技大学 | 王军辉 | 山东科技大学,https://github.com/zhanwen/MathModel/blob/master/国赛论文/2021年优秀论文/获数模之星提名奖（12篇）/C21104240047.pdf
2021,获数模之星提名奖（12篇）,D21102800176,中中国国研研究究生生创创新新实实践践系系列列大大赛赛,2 | D | 21102800176 | 一等奖（数模之星提名） | 顾东洲 | 上海大学 | 俞寅生 | 上海大学 | 刘骁 | 上海大学,https://github.com/zhanwen/MathModel/blob/master/国赛论文/2021年优秀论文/获数模之星提名奖（12篇）/D21102800176.pdf
2021,获数模之星提名奖（12篇）,D21103000002,中国研究生创新实践系列大赛,1 | D | 21103000002 | 一等奖（数模之星提名） | 费建伟 | 南京信息工程大学 | 戴昀书 | 南京信息工程大学 | 周文浩 | 南京信息工程大学,https://github.com/zhanwen/MathModel/blob/master/国赛论文/2021年优秀论文/获数模之星提名奖（12篇）/D21103000002.pdf
2021,获数模之星提名奖（12篇）,E21103860005,学 校 福州大学,1 | E | 21103860005 | 一等奖（数模之星提名） | 汤婉红 | 福州大学 | 周玮蜜 | 福州大学 | 罗曦 | 福州大学,https://github.com/zhanwen/MathModel/blob/master/国赛论文/2021年优秀论文/获数模之星提名奖（12篇）/E21103860005.pdf
2021,获数模之星提名奖（12篇）,E21104870136,学 校 华中科技大学,2 | E | 21104870136 | 一等奖（数模之星提名） | 孙晨 | 华中科技大学 | 曹云康 | 华中科技大学 | 刘川 | 华中科技大学,https://github.com/zhanwen/MathModel/blob/master/国赛论文/2021年优秀论文/获数模之星提名奖（12篇）/E21104870136.pdf
2021,获数模之星提名奖（12篇）,F21102480018,中国研究生创新实践系列大赛,1 | F | 21102480018 | 一等奖（数模之星提名） | 范晓宇 | 上海交通大学 | 焦光磊 | 上海交通大学 | 孔郑娇 | 上海交通大学,https://github.com/zhanwen/MathModel/blob/master/国赛论文/2021年优秀论文/获数模之星提名奖（12篇）/F21102480018.pdf
2021,获数模之星提名奖（12篇）,F21103560049,中国研究生创新实践系列大赛中国研究生创新实践系列大赛,2 | F | 21103560049 | 一等奖（数模之星提名） | 吴楷文 | 中国计量大学 | 陈晨煜 | 中国计量大学 | 高琪 | 中国计量大学,https://github.com/zhanwen/MathModel/blob/master/国赛论文/2021年优秀论文/获数模之星提名奖（12篇）/F21103560049.pdf
2022,A,A22100070190,中中国国研研究究生生创创新新实实践践系系列列大大赛赛,4 | A | 22100070190 | 一等奖(华为专项二等奖) | 刘沛尧 | 北京理工大学 | 王凯飞 | 北京理工大学 | 刘嘉琪 | 北京理工大学,https://github.com/zhanwen/MathModel/blob/master/国赛论文/2022年优秀论文/A/A22100070190.pdf
2022,A,A22100130054,中中国国研研究究生生创创新新实实践践系系列列大大赛赛,3 | A | 22100130054 | 一等奖(华为专项二等奖) | 冯天晴 | 北京邮电大学 | 刘彦兵 | 北京邮电大学 | 王世杰 | 北京邮电大学,https://github.com/zhanwen/MathModel/blob/master/国赛论文/2022年优秀论文/A/A22100130054.pdf
2022,A,A22102460007,中中国国研研究究生生创创新新实实践践系系列列大大赛赛,2 | A | 22102460007 | 一等奖(数模之星提名、华为专项一等奖) | 王樵之 | 复旦大学 | 王晨 | 复旦大学 | 桑博涵 | 复旦大学,https://github.com/zhanwen/MathModel/blob/master/国赛论文/2022年优秀论文/A/A22102460007.pdf
2022,A,A22103040090,中中国国研研究究生生创创新新实实践践系系列列大大赛赛,5 | A | 22103040090 | 一等奖(华为专项二等奖) | 刘微雪 | 南通大学 | 黄同辉 | 南通大学 | 章虹晨 | 南通大学,https://github.com/zhanwen/MathModel/blob/master/国赛论文/2022年优秀论文/A/A22103040090.pdf
2022,A,A22104860055,中国研究生创新实践系列大赛,1 | A | 22104860055 | 一等奖(数模之星提名、华为专项一等奖) | 易旭憧 | 武汉大学 | 周宇轩 | 武汉大学 | 潘娟霞 | 武汉大学,https://github.com/zhanwen/MathModel/blob/master/国赛论文/2022年优秀论文/A/A22104860055.pdf
2022,A,A22107010047,中国研究生创新实践系列大赛,6 | A | 22107010047 | 一等奖(华为专项二等奖) | 汪乐 | 西安电子科技大学 | 杨奥迪 | 西安电子科技大学 | 杨富森 | 西安电子科技大学,https://github.com/zhanwen/MathModel/blob/master/国赛论文/2022年优秀论文/A/A22107010047.pdf
2022,A,A22116460175,中中国国研研究究生生创创新新实实践践系系列列大大赛赛,7 | A | 22116460175 | 一等奖(华为专项二等奖) | 江振国 | 宁波大学 | 严寒 | 宁波大学 | 裴翦 | 宁波大学,https://github.com/zhanwen/MathModel/blob/master/国赛论文/2022年优秀论文/A/A22116460175.pdf
2022,B,B22100070171,中国研究生创新实践系列大赛,4 | B | 22100070171 | 一等奖(华为专项二等奖) | 夏云卿 | 北京理工大学 | 姚运宝 | 北京理工大学 | 陈雅洁 | 北京理工大学,https://github.com/zhanwen/MathModel/blob/master/国赛论文/2022年优秀论文/B/B22100070171.pdf
2022,B,B22102860210,中国研究生创新实践系列大赛,9 | B | 22102860210 | 一等奖 | 陈雨荷 | 东南大学 | 王牵莲 | 东南大学 | 朱弘智 | 东南大学,https://github.com/zhanwen/MathModel/blob/master/国赛论文/2022年优秀论文/B/B22102860210.pdf
2022,B,B22103360018,中中国国研研究究生生创创新新实实践践系系列列大大赛赛,5 | B | 22103360018 | 一等奖(华为专项二等奖) | 曹旭涛 | 杭州电子科技大学 | 洪江南 | 杭州电子科技大学 | 胡瑾 | 杭州电子科技大学,https://github.com/zhanwen/MathModel/blob/master/国赛论文/2022年优秀论文/B/B22103360018.pdf
2022,B,B22104870143,中中国国研研究究生生创创新新实实践践系系列列大大赛赛,6 | B | 22104870143 | 一等奖(华为专项二等奖) | 徐锐 | 华中科技大学 | 李辰 | 华中科技大学 | 张世杰 | 华中科技大学,https://github.com/zhanwen/MathModel/blob/master/国赛论文/2022年优秀论文/B/B22104870143.pdf
2022,B,B22105300030,中国研究生创新实践系列大赛,11 | B | 22105300030 | 一等奖 | 黄铭杰 | 湘潭大学 | 张慧芳 | 湘潭大学 | 稂昱星 | 湘潭大学,https://github.com/zhanwen/MathModel/blob/master/国赛论文/2022年优秀论文/B/B22105300030.pdf
2022,B,B22106140009,中国研究生创新实践系列大赛,3 | B | 22106140009 | 一等奖(华为专项二等奖) | 彭松林 | 电子科技大学 | 邬云舒 | 电子科技大学 | 刘玉琴 | 电子科技大学,https://github.com/zhanwen/MathModel/blob/master/国赛论文/2022年优秀论文/B/B22106140009.pdf
2022,B,B22110490001,中中国国研研究究生生创创新新实实践践系系列列大大赛赛,2 | B | 22110490001 | 一等奖(数模之星提名、华为专项一等奖) | 邵明振 | 淮阴工学院 | 仇宏扬 | 淮阴工学院 | 蒋令杰 | 淮阴工学院,https://github.com/zhanwen/MathModel/blob/master/国赛论文/2022年优秀论文/B/B22110490001.pdf
2022,C,C22103190082,中国研究生创新实践系列大赛中国研究生创新实践系列大赛,7 | C | 22103190082 | 一等奖 | 薛亦晖 | 南京师范大学 | 袁浩淼 | 南京师范大学 | 丁乙 | 南京师范大学,https://github.com/zhanwen/MathModel/blob/master/国赛论文/2022年优秀论文/C/C22103190082.pdf
2022,C,C22103360057,中国研究生创新实践系列大赛,1 | C | 22103360057 | 一等奖(数模之星提名) | 陈盟昊 | 杭州电子科技大学 | 张琳翊 | 杭州电子科技大学 | 陈利超 | 杭州电子科技大学,https://github.com/zhanwen/MathModel/blob/master/国赛论文/2022年优秀论文/C/C22103360057.pdf
2022,C,C22103560098,中国研究生创新实践系列大赛,2 | C | 22103560098 | 一等奖(数模之星提名) | 何健郡 | 中国计量大学 | 周美琪 | 中国计量大学 | 张滕成 | 中国计量大学,https://github.com/zhanwen/MathModel/blob/master/国赛论文/2022年优秀论文/C/C22103560098.pdf
2022,C,C22105330245,中国研究生创新实践系列大赛,3 | C | 22105330245 | 一等奖 | 史瞻銘 | 中南大学 | 汪梦祥 | 中南大学 | 黄小彦 | 中南大学,https://github.com/zhanwen/MathModel/blob/master/国赛论文/2022年优秀论文/C/C22105330245.pdf
2022,C,C22105930028,中国研究生创新实践系列大赛中国研究生创新实践系列大赛,6 | C | 22105930028 | 一等奖 | 叶万兴 | 广西大学 | 陈珊 | 广西大学 | 田飞宇 | 广西大学,https://github.com/zhanwen/MathModel/blob/master/国赛论文/2022年优秀论文/C/C22105930028.pdf
2022,C,C22106130232,中中国国研研究究生生创创新新实实践践系系列列大大赛赛,5 | C | 22106130232 | 一等奖 | 俞建民 | 西南交通大学 | 赵松 | 西南交通大学 | 冯聪 | 西南交通大学,https://github.com/zhanwen/MathModel/blob/master/国赛论文/2022年优秀论文/C/C22106130232.pdf
2022,C,C22106140003,中中国国研研究究生生创创新新实实践践系系列列大大赛赛,4 | C | 22106140003 | 一等奖 | 谭岩 | 电子科技大学 | 厉俊 | 电子科技大学 | 张睿智 | 电子科技大学,https://github.com/zhanwen/MathModel/blob/master/国赛论文/2022年优秀论文/C/C22106140003.pdf
2022,D,D22102920026,中国研究生创新实践系列大赛,4 | D | 22102920026 | 一等奖(中兴专项二等奖) | 张铤波 | 常州大学 | 肖德豪 | 常州大学 | 陈佳璐 | 常州大学,https://github.com/zhanwen/MathModel/blob/master/国赛论文/2022年优秀论文/D/D22102920026.pdf
2022,D,D22102930009,中国研究生创新实践系列大赛,2 | D | 22102930009 | 一等奖(数模之星提名、中兴专项一等奖) | 缪如洋 | 南京邮电大学 | 徐声健 | 南京邮电大学 | 陈凯伦 | 南京邮电大学,https://github.com/zhanwen/MathModel/blob/master/国赛论文/2022年优秀论文/D/D22102930009.pdf
2022,D,D22103360092,中国研究生创新实践系列大赛,9 | D | 22103360092 | 一等奖 | 李闻宇 | 杭州电子科技大学 | 柯伟杰 | 杭州电子科技大学 | 邱毅菲 | 杭州电子科技大学,https://github.com/zhanwen/MathModel/blob/master/国赛论文/2022年优秀论文/D/D22103360092.pdf
2022,D,D22104760020,中国研究生创新实践系列大赛,5 | D | 22104760020 | 一等奖(中兴专项二等奖) | 桑梓航 | 河南师范大学 | 包伊莎 | 河南师范大学 | 秦梦真 | 河南师范大学,https://github.com/zhanwen/MathModel/blob/master/国赛论文/2022年优秀论文/D/D22104760020.pdf
2022,D,D22106990096,学 校 西北工业大学,1 | D | 22106990096 | 一等奖(数模之星提名、中兴专项一等奖) | 曲雪 | 西北工业大学 | 高亦菲 | 西北工业大学 | 李一玮 | 西北工业大学,https://github.com/zhanwen/MathModel/blob/master/国赛论文/2022年优秀论文/D/D22106990096.pdf
2022,D,D22900310001,中中国国研研究究生生创创新新实实践践系系列列大大赛赛,3 | D | 22900310001 | 一等奖(中兴专项二等奖) | 刘兴禄 | 清华大学深圳国际研究生院 | 赖克凡 | 清华大学深圳国际研究生院 | 曹可欣 | 清华大学深圳国际研究生院,https://github.com/zhanwen/MathModel/blob/master/国赛论文/2022年优秀论文/D/D22900310001.pdf
2022,D,D22910040028,中中国国研研究究生生创创新新实实践践系系列列大大赛赛,6 | D | 22910040028 | 一等奖(中兴专项二等奖) | 陈智博 | 陆军工程大学 | 崔智超 | 陆军工程大学 | 杨宁 | 陆军工程大学,https://github.com/zhanwen/MathModel/blob/master/国赛论文/2022年优秀论文/D/D22910040028.pdf
2022,E,E22103040108,中国研究生创新实践系列大赛,3 | E | 22103040108 | 一等奖 | 沈陈强 | 南通大学 | 张瑞年 | 南通大学 | 袁梦 | 南通大学,https://github.com/zhanwen/MathModel/blob/master/国赛论文/2022年优秀论文/E/E22103040108.pdf
2022,E,E22103350038,中国研究生创新实践系列大赛,1 | E | 22103350038 | 一等奖(数模之星提名) | 张森 | 浙江大学 | 李昂 | 浙江大学 | 李宝奎 | 浙江大学,https://github.com/zhanwen/MathModel/blob/master/国赛论文/2022年优秀论文/E/E22103350038.pdf
2022,E,E22104860014,学 校 武汉大学,7 | E | 22104860014 | 一等奖 | 陈苗苗 | 武汉大学 | 孙守强 | 武汉大学 | 南思宇 | 武汉大学,https://github.com/zhanwen/MathModel/blob/master/国赛论文/2022年优秀论文/E/E22104860014.pdf
2022,E,E22104870114,中中国国研研究究生生创创新新实实践践系系列列大大赛赛,2 | E | 22104870114 | 一等奖(数模之星提名) | 徐秋朦 | 华中科技大学 | 刘旭华 | 华中科技大学 | 王艺洁 | 重庆大学,https://github.com/zhanwen/MathModel/blob/master/国赛论文/2022年优秀论文/E/E22104870114.pdf
2022,E,E22106110005,中国研究生创新实践系列大赛,5 | E | 22106110005 | 一等奖 | 靳晓东 | 重庆大学 | 王逸飞 | 重庆大学 | 张海峰 | 重庆大学,https://github.com/zhanwen/MathModel/blob/master/国赛论文/2022年优秀论文/E/E22106110005.pdf
2022,E,E22107100039,中中国国研研究究生生创创新新实实践践系系列列大大赛赛,6 | E | 22107100039 | 一等奖 | 任欣宇 | 长安大学 | 赵可 | 长安大学 | 王家璇 | 长安大学,https://github.com/zhanwen/MathModel/blob/master/国赛论文/2022年优秀论文/E/E22107100039.pdf
2022,F,F22100090053,中国研究生创新实践系列大赛,8 | F | 22100090053 | 一等奖 | 钟滨瑞 | 北方工业大学 | 何家欢 | 北方工业大学 | 乐治伟 | 北方工业大学,https://github.com/zhanwen/MathModel/blob/master/国赛论文/2022年优秀论文/F/F22100090053.pdf
2022,F,F22101470006,学 校 辽宁工程技术大学,7 | F | 22101470006 | 一等奖 | 高营辉 | 辽宁工程技术大学 | 苑祎菲 | 辽宁工程技术大学 | 贾策 | 辽宁工程技术大学,https://github.com/zhanwen/MathModel/blob/master/国赛论文/2022年优秀论文/F/F22101470006.pdf
2022,F,F22102540295,学 校 上海海事大学,3 | F | 22102540295 | 一等奖 | 栗语璇 | 上海海事大学 | 李姚娜 | 上海海事大学 | 马睿 | 上海海事大学,https://github.com/zhanwen/MathModel/blob/master/国赛论文/2022年优秀论文/F/F22102540295.pdf
2022,F,F22102980006,中中国国研研究究生生创创新新实实践践系系列列大大赛赛,4 | F | 22102980006 | 一等奖 | 管志浩 | 南京林业大学 | 王俊玲 | 南京林业大学 | 汪瑾 | 南京林业大学,https://github.com/zhanwen/MathModel/blob/master/国赛论文/2022年优秀论文/F/F22102980006.pdf
2022,F,F22103570053,中国研究生创新实践系列大赛,2 | F | 22103570053 | 一等奖(数模之星提名) | 李婧然 | 安徽大学 | 吴建平 | 安徽大学 | 王芮 | 安徽大学,https://github.com/zhanwen/MathModel/blob/master/国赛论文/2022年优秀论文/F/F22103570053.pdf
2022,F,F22105330345,学 校 中南大学,1 | F | 22105330345 | 一等奖(数模之星提名) | 沈斌达 | 中南大学 | 周李翰 | 中南大学 | 李思 | 中南大学,https://github.com/zhanwen/MathModel/blob/master/国赛论文/2022年优秀论文/F/F22105330345.pdf
2022,F,F22106150018,中中国国研研究究生生创创新新实实践践系系列列大大赛赛,5 | F | 22106150018 | 一等奖 | 闵雪阳 | 西南石油大学 | 潘超凡 | 西南石油大学 | 张星移 | 西南石油大学,https://github.com/zhanwen/MathModel/blob/master/国赛论文/2022年优秀论文/F/F22106150018.pdf
2023,A,A23100070049,中国研究生创新实践系列大赛,4 | A | 23100070049 | 一等奖(华为专项二等奖) | 李政翰 | 北京理工大学 | 刘周杰 | 北京理工大学 | 王一鸣 | 北京理工大学 || 4 | A | 23100070049 | 一等奖(华为专项二等奖) | 李政翰 | 北京理工大学 | 刘周杰 | 北京理工大学 | 王一鸣 | 北京理工大学,https://github.com/zhanwen/MathModel/blob/master/国赛论文/2023年优秀论文/A/A23100070049.pdf
2023,A,A23102470073,中中国国研研究究生生创创新新实实践践系系列列大大赛赛,8 | A | 23102470073 | 一等奖(华为专项二等奖) | 王陈瑁 | 同济大学 | 马新一 | 同济大学 | 张映泽 | 同济大学 || 8 | A | 23102470073 | 一等奖(华为专项二等奖) | 王陈瑁 | 同济大学 | 马新一 | 同济大学 | 张映泽 | 同济大学,https://github.com/zhanwen/MathModel/blob/master/国赛论文/2023年优秀论文/A/A23102470073.pdf
2023,A,A23102480015,ี ଢႿ Markov chain֥WLANଆ,7 | A | 23102480015 | 一等奖(华为专项二等奖) | 税昀昊 | 上海交通大学 | 曾卓 | 上海交通大学 | 陈晓萌 | 上海交通大学 || 7 | A | 23102480015 | 一等奖(华为专项二等奖) | 税昀昊 | 上海交通大学 | 曾卓 | 上海交通大学 | 陈晓萌 | 上海交通大学,https://github.com/zhanwen/MathModel/blob/master/国赛论文/2023年优秀论文/A/A23102480015.pdf
2023,A,A23102860239,学 校 东南大学,5 | A | 23102860239 | 一等奖(华为专项二等奖) | 周可 | 东南大学 | 占梓翟 | 东南大学 | 曹超群 | 东南大学 || 5 | A | 23102860239 | 一等奖(华为专项二等奖) | 周可 | 东南大学 | 占梓翟 | 东南大学 | 曹超群 | 东南大学,https://github.com/zhanwen/MathModel/blob/master/国赛论文/2023年优秀论文/A/A23102860239.pdf
2023,A,A23102890028,中中国国研研究究生生创创新新实实践践系系列列大大赛赛,2 | A | 23102890028 | 一等奖(提名参加“数模之星”答辩、华为专项一等奖) | 丁凯星 | 江苏科技大学 | 刘文正 | 江苏科技大学 | 路航 | 江苏科技大学 || 2 | A | 23102890028 | 一等奖(提名参加“数模之星”答辩、华为专项一等奖) | 丁凯星 | 江苏科技大学 | 刘文正 | 江苏科技大学 | 路航 | 江苏科技大学,https://github.com/zhanwen/MathModel/blob/master/国赛论文/2023年优秀论文/A/A23102890028.pdf
2023,A,A23103360079,中中国国研研究究生生创创新新实实践践系系列列大大赛赛,6 | A | 23103360079 | 一等奖(华为专项二等奖) | 周思汗 | 杭州电子科技大学 | 赵晋东 | 杭州电子科技大学 | 李子龙 | 杭州电子科技大学 || 6 | A | 23103360079 | 一等奖(华为专项二等奖) | 周思汗 | 杭州电子科技大学 | 赵晋东 | 杭州电子科技大学 | 李子龙 | 杭州电子科技大学,https://github.com/zhanwen/MathModel/blob/master/国赛论文/2023年优秀论文/A/A23103360079.pdf
2023,A,A23103840031,中国研究生创新实践系列大赛,10 | A | 23103840031 | 一等奖 | 陈一帆 | 厦门大学 | 朱运俊 | 厦门大学 | 陈宏毅 | 厦门大学 || 10 | A | 23103840031 | 一等奖 | 陈一帆 | 厦门大学 | 朱运俊 | 厦门大学 | 陈宏毅 | 厦门大学,https://github.com/zhanwen/MathModel/blob/master/国赛论文/2023年优秀论文/A/A23103840031.pdf
2023,A,A23104220005,学 校 山东大学,3 | A | 23104220005 | 一等奖(华为专项二等奖) | 汪健 | 山东大学 | 李昌盛 | 山东大学 | 高一凡 | 山东大学 || 3 | A | 23104220005 | 一等奖(华为专项二等奖) | 汪健 | 山东大学 | 李昌盛 | 山东大学 | 高一凡 | 山东大学,https://github.com/zhanwen/MathModel/blob/master/国赛论文/2023年优秀论文/A/A23104220005.pdf
2023,A,A23104860166,中中国国研研究究生生创创新新实实践践系系列列大大赛赛,9 | A | 23104860166 | 一等奖 | 刘芮 | 武汉大学 | 彭依妮 | 武汉大学 | 赵子龙 | 武汉大学 || 9 | A | 23104860166 | 一等奖 | 刘芮 | 武汉大学 | 彭依妮 | 武汉大学 | 赵子龙 | 武汉大学,https://github.com/zhanwen/MathModel/blob/master/国赛论文/2023年优秀论文/A/A23104860166.pdf
2023,A,A23105330383,中国研究生创新实践系列大赛,1 | A | 23105330383 | 一等奖(提名参加“数模之星”答辩、华为专项一等奖) | 柳昭宇 | 中南大学 | 姚锦 | 中南大学 | 周浩堋 | 中南大学 || 1 | A | 23105330383 | 一等奖(提名参加“数模之星”答辩、华为专项一等奖) | 柳昭宇 | 中南大学 | 姚锦 | 中南大学 | 周浩堋 | 中南大学,https://github.com/zhanwen/MathModel/blob/master/国赛论文/2023年优秀论文/A/A23105330383.pdf
2023,B,B23100070010,中中国国研研究究生生创创新新实实践践系系列列大大赛赛,2 | B | 23100070010 | 一等奖(提名参加“数模之星”答辩、华为专项一等奖) | 吴志伟 | 北京理工大学 | 彭皓崧 | 北京理工大学 | 郭睿琦 | 北京理工大学 || 2 | B | 23100070010 | 一等奖(提名参加“数模之星”答辩、华为专项一等奖) | 吴志伟 | 北京理工大学 | 彭皓崧 | 北京理工大学 | 郭睿琦 | 北京理工大学,https://github.com/zhanwen/MathModel/blob/master/国赛论文/2023年优秀论文/B/B23100070010.pdf
2023,B,B23100070173,中中国国研研究究生生创创新新实实践践系系列列大大赛赛,5 | B | 23100070173 | 一等奖(华为专项二等奖) | 吴瀚 | 北京理工大学 | 王奕润 | 北京理工大学 | 张逸康 | 北京理工大学 || 5 | B | 23100070173 | 一等奖(华为专项二等奖) | 吴瀚 | 北京理工大学 | 王奕润 | 北京理工大学 | 张逸康 | 北京理工大学,https://github.com/zhanwen/MathModel/blob/master/国赛论文/2023年优秀论文/B/B23100070173.pdf
2023,B,B23102870003,中国研究生创新实践系列大赛中国研究生创新实践系列大赛,7 | B | 23102870003 | 一等奖(华为专项二等奖) | 吴日新 | 南京航空航天大学 | 董昌龙 | 南京航空航天大学 | 赵佳亮 | 南京航空航天大学 || 7 | B | 23102870003 | 一等奖(华为专项二等奖) | 吴日新 | 南京航空航天大学 | 董昌龙 | 南京航空航天大学 | 赵佳亮 | 南京航空航天大学,https://github.com/zhanwen/MathModel/blob/master/国赛论文/2023年优秀论文/B/B23102870003.pdf
2023,B,B23102870182,中中国国研研究究生生创创新新实实践践系系列列大大赛赛,8 | B | 23102870182 | 一等奖(华为专项二等奖) | 胡倬辰 | 南京航空航天大学 | 陈小彤 | 南京航空航天大学 | 符洋 | 南京航空航天大学 || 8 | B | 23102870182 | 一等奖(华为专项二等奖) | 胡倬辰 | 南京航空航天大学 | 陈小彤 | 南京航空航天大学 | 符洋 | 南京航空航天大学,https://github.com/zhanwen/MathModel/blob/master/国赛论文/2023年优秀论文/B/B23102870182.pdf
2023,B,B23103360062,学 校 杭州电子科技大学,3 | B | 23103360062 | 一等奖(华为专项二等奖) | 纪桂宝 | 杭州电子科技大学 | 曹潘涛 | 杭州电子科技大学 | 邱靖颖 | 杭州电子科技大学 || 3 | B | 23103360062 | 一等奖(华为专项二等奖) | 纪桂宝 | 杭州电子科技大学 | 曹潘涛 | 杭州电子科技大学 | 邱靖颖 | 杭州电子科技大学,https://github.com/zhanwen/MathModel/blob/master/国赛论文/2023年优秀论文/B/B23103360062.pdf
2023,B,B23104860044,中中国国研研究究生生创创新新实实践践系系列列大大赛赛,4 | B | 23104860044 | 一等奖(华为专项二等奖) | 谢学林 | 武汉大学 | 王何百旭 | 武汉大学 | 郑依凡 | 武汉大学 || 4 | B | 23104860044 | 一等奖(华为专项二等奖) | 谢学林 | 武汉大学 | 王何百旭 | 武汉大学 | 郑依凡 | 武汉大学,https://github.com/zhanwen/MathModel/blob/master/国赛论文/2023年优秀论文/B/B23104860044.pdf
2023,B,B23105580005,中中国国研研究究生生创创新新实实践践系系列列大大赛赛,6 | B | 23105580005 | 一等奖(华为专项二等奖) | 罗思远 | 中山大学 | 柳文涛 | 中山大学 | 欧瀚祺 | 中山大学 || 6 | B | 23105580005 | 一等奖(华为专项二等奖) | 罗思远 | 中山大学 | 柳文涛 | 中山大学 | 欧瀚祺 | 中山大学,https://github.com/zhanwen/MathModel/blob/master/国赛论文/2023年优秀论文/B/B23105580005.pdf
2023,B,B23106140164,中国研究生创新实践系列大赛,9 | B | 23106140164 | 一等奖 | 李紫荆 | 电子科技大学 | 何诗宇 | 电子科技大学 | 龙子璇 | 电子科技大学 || 9 | B | 23106140164 | 一等奖 | 李紫荆 | 电子科技大学 | 何诗宇 | 电子科技大学 | 龙子璇 | 电子科技大学,https://github.com/zhanwen/MathModel/blob/master/国赛论文/2023年优秀论文/B/B23106140164.pdf
2023,B,B23111170006,中中国国研研究究生生创创新新实实践践系系列列大大赛赛,10 | B | 23111170006 | 一等奖 | 王鑫雨 | 扬州大学 | 林鹏 | 扬州大学 | 陈志成 | 扬州大学 || 10 | B | 23111170006 | 一等奖 | 王鑫雨 | 扬州大学 | 林鹏 | 扬州大学 | 陈志成 | 扬州大学,https://github.com/zhanwen/MathModel/blob/master/国赛论文/2023年优秀论文/B/B23111170006.pdf
2023,C,C23102540029,中国研究生创新实践系列大赛,4 | C | 23102540029 | 一等奖 | 刘艺 | 上海海事大学 | 黎禧妮 | 上海海事大学 | 陈振华 | 上海海事大学 || 4 | C | 23102540029 | 一等奖 | 刘艺 | 上海海事大学 | 黎禧妮 | 上海海事大学 | 陈振华 | 上海海事大学,https://github.com/zhanwen/MathModel/blob/master/国赛论文/2023年优秀论文/C/C23102540029.pdf
2023,C,C23102890004,中中国国研研究究生生创创新新实实践践系系列列大大赛赛,5 | C | 23102890004 | 一等奖 | 张子俨 | 江苏科技大学 | 周文 | 江苏科技大学 | 何铮 | 江苏科技大学 || 5 | C | 23102890004 | 一等奖 | 张子俨 | 江苏科技大学 | 周文 | 江苏科技大学 | 何铮 | 江苏科技大学,https://github.com/zhanwen/MathModel/blob/master/国赛论文/2023年优秀论文/C/C23102890004.pdf
2023,C,C23102980125,中国研究生创新实践系列大赛,6 | C | 23102980125 | 一等奖 | 徐溢琪 | 南京林业大学 | 张志伟 | 南京林业大学 | 王昕 | 南京林业大学 || 6 | C | 23102980125 | 一等奖 | 徐溢琪 | 南京林业大学 | 张志伟 | 南京林业大学 | 王昕 | 南京林业大学,https://github.com/zhanwen/MathModel/blob/master/国赛论文/2023年优秀论文/C/C23102980125.pdf
2023,C,C23103360083,中中国国研研究究生生创创新新实实践践系系列列大大赛赛,1 | C | 23103360083 | 一等奖(提名参加“数模之星”答辩) | 张辉 | 杭州电子科技大学 | 赵青蕾 | 杭州电子科技大学 | 孙一帆 | 杭州电子科技大学 || 1 | C | 23103360083 | 一等奖(提名参加“数模之星”答辩) | 张辉 | 杭州电子科技大学 | 赵青蕾 | 杭州电子科技大学 | 孙一帆 | 杭州电子科技大学,https://github.com/zhanwen/MathModel/blob/master/国赛论文/2023年优秀论文/C/C23103360083.pdf
2023,C,C23103510013,中国研究生创新实践系列大赛,3 | C | 23103510013 | 一等奖 | 吴玉龙 | 温州大学 | 范永希 | 温州大学 | 吴欣怡 | 温州大学 || 3 | C | 23103510013 | 一等奖 | 吴玉龙 | 温州大学 | 范永希 | 温州大学 | 吴欣怡 | 温州大学,https://github.com/zhanwen/MathModel/blob/master/国赛论文/2023年优秀论文/C/C23103510013.pdf
2023,C,C23104080013,学 校 景德镇陶瓷大学,7 | C | 23104080013 | 一等奖 | 季平 | 景德镇陶瓷大学 | 刘泉 | 景德镇陶瓷大学 | 曹晓静 | 景德镇陶瓷大学 || 7 | C | 23104080013 | 一等奖 | 季平 | 景德镇陶瓷大学 | 刘泉 | 景德镇陶瓷大学 | 曹晓静 | 景德镇陶瓷大学,https://github.com/zhanwen/MathModel/blob/master/国赛论文/2023年优秀论文/C/C23104080013.pdf
2023,C,C23106130016,中国研究生创新实践系列大赛,9 | C | 23106130016 | 一等奖 | 乌宇航 | 西南交通大学 | 黄盛炜 | 西南交通大学 | 王睿琛 | 西南交通大学 || 9 | C | 23106130016 | 一等奖 | 乌宇航 | 西南交通大学 | 黄盛炜 | 西南交通大学 | 王睿琛 | 西南交通大学,https://github.com/zhanwen/MathModel/blob/master/国赛论文/2023年优秀论文/C/C23106130016.pdf
2023,C,C23106570312,中中国国研研究究生生创创新新实实践践系系··列列大大赛赛,8 | C | 23106570312 | 一等奖 | 段晓曼 | 贵州大学 | 谭朝莎 | 贵州大学 | 罗佳龙 | 贵州大学 || 8 | C | 23106570312 | 一等奖 | 段晓曼 | 贵州大学 | 谭朝莎 | 贵州大学 | 罗佳龙 | 贵州大学,https://github.com/zhanwen/MathModel/blob/master/国赛论文/2023年优秀论文/C/C23106570312.pdf
2023,C,C23107120024,学 校 西北农林科技大学,10 | C | 23107120024 | 一等奖 | 李馨宇 | 西北农林科技大学 | 杨磊 | 西北农林科技大学 | 苗园爽 | 西北农林科技大学 || 10 | C | 23107120024 | 一等奖 | 李馨宇 | 西北农林科技大学 | 杨磊 | 西北农林科技大学 | 苗园爽 | 西北农林科技大学,https://github.com/zhanwen/MathModel/blob/master/国赛论文/2023年优秀论文/C/C23107120024.pdf
2023,C,C23910020010,中国光谷· “华为杯”第二十届中国研究生中国光谷· “华为杯”第二十届中国研究生,2 | C | 23910020010 | 一等奖(提名参加“数模之星”答辩) | 黎磊 | 国防科技大学 | 谭云雷 | 国防科技大学 | 姚雪湄 | 国防科技大学 || 2 | C | 23910020010 | 一等奖(提名参加“数模之星”答辩) | 黎磊 | 国防科技大学 | 谭云雷 | 国防科技大学 | 姚雪湄 | 国防科技大学,https://github.com/zhanwen/MathModel/blob/master/国赛论文/2023年优秀论文/C/C23910020010.pdf
2023,D,D23100060041,中中国国研研究究生生创创新新实实践践系系列列大大赛赛,8 | D | 23100060041 | 一等奖 | 齐芷璇 | 北京航空航天大学 | 张嘉仪 | 北京航空航天大学 | 赵悦 | 北京航空航天大学 || 8 | D | 23100060041 | 一等奖 | 齐芷璇 | 北京航空航天大学 | 张嘉仪 | 北京航空航天大学 | 赵悦 | 北京航空航天大学,https://github.com/zhanwen/MathModel/blob/master/国赛论文/2023年优秀论文/D/D23100060041.pdf
2023,D,D23102690008,中国研究生创新实践系列大赛,6 | D | 23102690008 | 一等奖 | 杨蔚昭 | 华东师范大学 | 黄心清 | 华东师范大学 | 万雨晗 | 华东师范大学 || 6 | D | 23102690008 | 一等奖 | 杨蔚昭 | 华东师范大学 | 黄心清 | 华东师范大学 | 万雨晗 | 华东师范大学,https://github.com/zhanwen/MathModel/blob/master/国赛论文/2023年优秀论文/D/D23102690008.pdf
2023,D,D23102860126,学 校 东南大学,5 | D | 23102860126 | 一等奖 | 孙欣然 | 东南大学 | 艾俊杰 | 东南大学 | 石峰 | 东南大学 || 5 | D | 23102860126 | 一等奖 | 孙欣然 | 东南大学 | 艾俊杰 | 东南大学 | 石峰 | 东南大学,https://github.com/zhanwen/MathModel/blob/master/国赛论文/2023年优秀论文/D/D23102860126.pdf
2023,D,D23103560099,中国研究生创新实践系列大赛,7 | D | 23103560099 | 一等奖 | 姚东鑫 | 中国计量大学 | 吴松泽 | 中国计量大学 | 陈昕航 | 中国计量大学 || 7 | D | 23103560099 | 一等奖 | 姚东鑫 | 中国计量大学 | 吴松泽 | 中国计量大学 | 陈昕航 | 中国计量大学,https://github.com/zhanwen/MathModel/blob/master/国赛论文/2023年优秀论文/D/D23103560099.pdf
2023,D,D23104860011,中中国国研研究究生生创创新新实实践践系系列列大大赛赛,10 | D | 23104860011 | 一等奖 | 彭斌 | 武汉大学 | 刘嘉伟 | 武汉大学 | 李旭哲 | 武汉大学 || 10 | D | 23104860011 | 一等奖 | 彭斌 | 武汉大学 | 刘嘉伟 | 武汉大学 | 李旭哲 | 武汉大学,https://github.com/zhanwen/MathModel/blob/master/国赛论文/2023年优秀论文/D/D23104860011.pdf
2023,D,D23105330094,学 校 中南大学，华东师范大学[2],2 | D | 23105330094 | 一等奖(提名参加“数模之星”答辩) | 张睿璇 | 中南大学 | 曹婉婷 | 中南大学 | 朱加利 | 华东师范大学 || 2 | D | 23105330094 | 一等奖(提名参加“数模之星”答辩) | 张睿璇 | 中南大学 | 曹婉婷 | 中南大学 | 朱加利 | 华东师范大学,https://github.com/zhanwen/MathModel/blob/master/国赛论文/2023年优秀论文/D/D23105330094.pdf
2023,D,D23106350004,中中国国研研究究生生创创新新实实践践系系列列大大赛赛,1 | D | 23106350004 | 一等奖(提名参加“数模之星”答辩) | 钟帅 | 西南大学 | 李诗慧 | 西南大学 | 周泓汛 | 西南大学 || 1 | D | 23106350004 | 一等奖(提名参加“数模之星”答辩) | 钟帅 | 西南大学 | 李诗慧 | 西南大学 | 周泓汛 | 西南大学,https://github.com/zhanwen/MathModel/blob/master/国赛论文/2023年优秀论文/D/D23106350004.pdf
2023,D,D23106740070,中研研究生创新实践系列大赛,3 | D | 23106740070 | 一等奖 | 董航 | 昆明理工大学 | 史智予 | 昆明理工大学 | 唐程 | 昆明理工大学 || 3 | D | 23106740070 | 一等奖 | 董航 | 昆明理工大学 | 史智予 | 昆明理工大学 | 唐程 | 昆明理工大学,https://github.com/zhanwen/MathModel/blob/master/国赛论文/2023年优秀论文/D/D23106740070.pdf
2023,D,D23116460172,中国研究生创新实践系列大赛,9 | D | 23116460172 | 一等奖 | 陈江涛 | 宁波大学 | 李浩宇 | 宁波大学 | 蔡万源 | 宁波大学 || 9 | D | 23116460172 | 一等奖 | 陈江涛 | 宁波大学 | 李浩宇 | 宁波大学 | 蔡万源 | 宁波大学,https://github.com/zhanwen/MathModel/blob/master/国赛论文/2023年优秀论文/D/D23116460172.pdf
2023,E,E23100650012,Ѩđ Ⴛӫଷၮ࿓b,2 | E | 23100650012 | 一等奖(提名参加“数模之星”答辩) | 邢雅媛 | 天津师范大学 | 张庆薇 | 天津师范大学 | 李祺 | 天津师范大学 || 2 | E | 23100650012 | 一等奖(提名参加“数模之星”答辩) | 邢雅媛 | 天津师范大学 | 张庆薇 | 天津师范大学 | 李祺 | 天津师范大学,https://github.com/zhanwen/MathModel/blob/master/国赛论文/2023年优秀论文/E/E23100650012.pdf
2023,E,E23102550019,ਢԵथҦऎႵሢᇗေၩၬb,7 | E | 23102550019 | 一等奖 | 靖执义 | 东华大学 | 贺祖鹏 | 东华大学 | 王素素 | 东华大学 || 7 | E | 23102550019 | 一等奖 | 靖执义 | 东华大学 | 贺祖鹏 | 东华大学 | 王素素 | 东华大学,https://github.com/zhanwen/MathModel/blob/master/国赛论文/2023年优秀论文/E/E23102550019.pdf
2023,E,E23103530067,中国研究生创新实践系列大赛,6 | E | 23103530067 | 一等奖 | 王振宽 | 浙江工商大学 | 郭娜 | 浙江工商大学 | 潘苏 | 浙江工商大学 || 6 | E | 23103530067 | 一等奖 | 王振宽 | 浙江工商大学 | 郭娜 | 浙江工商大学 | 潘苏 | 浙江工商大学,https://github.com/zhanwen/MathModel/blob/master/国赛论文/2023年优秀论文/E/E23103530067.pdf
2023,E,E23103570015,学 校 安徽大学,5 | E | 23103570015 | 一等奖 | 李亚男 | 安徽大学 | 李嘉贝 | 安徽大学 | 赵雪倩 | 安徽大学 || 5 | E | 23103570015 | 一等奖 | 李亚男 | 安徽大学 | 李嘉贝 | 安徽大学 | 赵雪倩 | 安徽大学,https://github.com/zhanwen/MathModel/blob/master/国赛论文/2023年优秀论文/E/E23103570015.pdf
2023,E,E23104030073,学 校 南昌大学,9 | E | 23104030073 | 一等奖 | 于梓涵 | 南昌大学 | 陈昊 | 南昌大学 | 周滢 | 南昌大学 || 9 | E | 23104030073 | 一等奖 | 于梓涵 | 南昌大学 | 陈昊 | 南昌大学 | 周滢 | 南昌大学,https://github.com/zhanwen/MathModel/blob/master/国赛论文/2023年优秀论文/E/E23104030073.pdf
2023,E,E23105330424,中国研究生创新实践系列大赛,3 | E | 23105330424 | 一等奖 | 史代双 | 中南大学 | 梁时清 | 中南大学 | 华明清 | 中南大学 || 3 | E | 23105330424 | 一等奖 | 史代双 | 中南大学 | 梁时清 | 中南大学 | 华明清 | 中南大学,https://github.com/zhanwen/MathModel/blob/master/国赛论文/2023年优秀论文/E/E23105330424.pdf
2023,E,E23106730076,学 校 云南大学,8 | E | 23106730076 | 一等奖 | 杨双萍 | 云南大学 | 郑润泽 | 云南大学 | 黄照煜 | 云南大学 || 8 | E | 23106730076 | 一等奖 | 杨双萍 | 云南大学 | 郑润泽 | 云南大学 | 黄照煜 | 云南大学,https://github.com/zhanwen/MathModel/blob/master/国赛论文/2023年优秀论文/E/E23106730076.pdf
2023,E,E23106980022,中中国国研研究究生生创创新新实实践践系系列列大大赛赛,1 | E | 23106980022 | 一等奖(提名参加“数模之星”答辩) | 钟朝彬 | 西安交通大学 | 李程子 | 西安交通大学 | 林宏伟 | 西安交通大学 || 1 | E | 23106980022 | 一等奖(提名参加“数模之星”答辩) | 钟朝彬 | 西安交通大学 | 李程子 | 西安交通大学 | 林宏伟 | 西安交通大学,https://github.com/zhanwen/MathModel/blob/master/国赛论文/2023年优秀论文/E/E23106980022.pdf
2023,E,E23107030070,中国研究生创新实践系列大赛,10 | E | 23107030070 | 一等奖 | 郭歌 | 西安建筑科技大学 | 张倩文 | 西安建筑科技大学 | 毕菲菲 | 西安建筑科技大学 || 10 | E | 23107030070 | 一等奖 | 郭歌 | 西安建筑科技大学 | 张倩文 | 西安建筑科技大学 | 毕菲菲 | 西安建筑科技大学,https://github.com/zhanwen/MathModel/blob/master/国赛论文/2023年优秀论文/E/E23107030070.pdf
2023,E,E23900310014,中中国国研研究究生生创创新新实实践践系系列列大大赛赛,4 | E | 23900310014 | 一等奖 | 范柯雨 | 清华大学深圳国际研究生院 | 陈炳杰 | 清华大学 | 张婉婷 | 清华大学 || 4 | E | 23900310014 | 一等奖 | 范柯雨 | 清华大学深圳国际研究生院 | 陈炳杰 | 清华大学 | 张婉婷 | 清华大学,https://github.com/zhanwen/MathModel/blob/master/国赛论文/2023年优秀论文/E/E23900310014.pdf
2023,F,F23102520378,中中国国研研究究生生创创新新实实践践系系列列大大赛赛,6 | F | 23102520378 | 一等奖 | 张红柳 | 上海理工大学 | 杜沅昊 | 上海理工大学 | 邹冰音 | 上海理工大学 || 6 | F | 23102520378 | 一等奖 | 张红柳 | 上海理工大学 | 杜沅昊 | 上海理工大学 | 邹冰音 | 上海理工大学,https://github.com/zhanwen/MathModel/blob/master/国赛论文/2023年优秀论文/F/F23102520378.pdf
2023,F,F23102690048,中国研究生创新实践系列大赛,7 | F | 23102690048 | 一等奖 | 张逸飞 | 华东师范大学 | 周磊 | 华东师范大学 | 陈鹏 | 华东师范大学 || 7 | F | 23102690048 | 一等奖 | 张逸飞 | 华东师范大学 | 周磊 | 华东师范大学 | 陈鹏 | 华东师范大学,https://github.com/zhanwen/MathModel/blob/master/国赛论文/2023年优秀论文/F/F23102690048.pdf
2023,F,F23102860072,学 校 东南大学,2 | F | 23102860072 | 一等奖(提名参加“数模之星”答辩) | 胡则文 | 东南大学 | 王凯 | 东南大学 | 徐源泽 | 东南大学 || 2 | F | 23102860072 | 一等奖(提名参加“数模之星”答辩) | 胡则文 | 东南大学 | 王凯 | 东南大学 | 徐源泽 | 东南大学,https://github.com/zhanwen/MathModel/blob/master/国赛论文/2023年优秀论文/F/F23102860072.pdf
2023,F,F23103560002,中国研究生创新实践系列大赛中国研究生创新实践系列大赛,1 | F | 23103560002 | 一等奖(提名参加“数模之星”答辩) | 徐祺津 | 中国计量大学 | 陈天驰 | 中国计量大学 | 吴颖 | 中国计量大学 || 1 | F | 23103560002 | 一等奖(提名参加“数模之星”答辩) | 徐祺津 | 中国计量大学 | 陈天驰 | 中国计量大学 | 吴颖 | 中国计量大学,https://github.com/zhanwen/MathModel/blob/master/国赛论文/2023年优秀论文/F/F23103560002.pdf
2023,F,F23104040152,中国研究生创新实践系列大赛中国研究生创新实践系列大赛,5 | F | 23104040152 | 一等奖 | 刘鹏 | 华东交通大学 | 熊宇铭 | 华东交通大学 | 吴志勇 | 华东交通大学 || 5 | F | 23104040152 | 一等奖 | 刘鹏 | 华东交通大学 | 熊宇铭 | 华东交通大学 | 吴志勇 | 华东交通大学,https://github.com/zhanwen/MathModel/blob/master/国赛论文/2023年优秀论文/F/F23104040152.pdf
2023,F,F23105550004,中中国国研研究究生生创创新新实实践践系系列列大大赛赛,9 | F | 23105550004 | 一等奖 | 李洁 | 南华大学 | 周婷 | 南华大学 | 刘洋 | 南华大学 || 9 | F | 23105550004 | 一等奖 | 李洁 | 南华大学 | 周婷 | 南华大学 | 刘洋 | 南华大学,https://github.com/zhanwen/MathModel/blob/master/国赛论文/2023年优秀论文/F/F23105550004.pdf
2023,F,F23107010086,中中国国研研究究生生创创新新实实践践系系列列大大赛赛,10 | F | 23107010086 | 一等奖 | 李丹阳 | 西安电子科技大学 | 吴迪龙 | 西安电子科技大学 | 吴大勇 | 西安电子科技大学 || 10 | F | 23107010086 | 一等奖 | 李丹阳 | 西安电子科技大学 | 吴迪龙 | 西安电子科技大学 | 吴大勇 | 西安电子科技大学,https://github.com/zhanwen/MathModel/blob/master/国赛论文/2023年优秀论文/F/F23107010086.pdf
2023,F,F23107300013,中中国国研研究究生生创创新新实实践践系系列列大大赛赛,8 | F | 23107300013 | 一等奖 | 何婷婷 | 兰州大学 | 于浩洋 | 兰州大学 | 朱新彧 | 兰州大学 || 8 | F | 23107300013 | 一等奖 | 何婷婷 | 兰州大学 | 于浩洋 | 兰州大学 | 朱新彧 | 兰州大学,https://github.com/zhanwen/MathModel/blob/master/国赛论文/2023年优秀论文/F/F23107300013.pdf
2023,F,F23910020015,中国研究生创新实践系列大赛,4 | F | 23910020015 | 一等奖 | 廖增华 | 国防科技大学 | 王腾云 | 国防科技大学 | 彭鐄 | 国防科技大学 || 4 | F | 23910020015 | 一等奖 | 廖增华 | 国防科技大学 | 王腾云 | 国防科技大学 | 彭鐄 | 国防科技大学,https://github.com/zhanwen/MathModel/blob/master/国赛论文/2023年优秀论文/F/F23910020015.pdf
2023,F,F23910020096,中中国国研研究究生生创创新新实实践践系系列列大大赛赛,3 | F | 23910020096 | 一等奖 | 龙洗 | 国防科技大学 | 陈思雅 | 国防科技大学 | 乔琛远 | 国防科技大学 || 3 | F | 23910020096 | 一等奖 | 龙洗 | 国防科技大学 | 陈思雅 | 国防科技大学 | 乔琛远 | 国防科技大学,https://github.com/zhanwen/MathModel/blob/master/国赛论文/2023年优秀论文/F/F23910020096.pdf
